mutation,family,repeat,observable,expected_stage,localized_stage,correct,stages_total,candidates,root_causes,confounded,propagated,absorbed
M01,DATA,1,1,elicit_clean,elicit_clean,1,18,1,1,0,17,0
M01,DATA,2,1,elicit_clean,elicit_clean,1,18,1,1,0,17,0
M01,DATA,3,1,elicit_clean,elicit_clean,1,18,1,1,0,17,0
M01,DATA,4,1,elicit_clean,elicit_clean,1,18,1,1,0,17,0
M01,DATA,5,1,elicit_clean,elicit_clean,1,18,1,1,0,17,0
M01,DATA,6,1,elicit_clean,elicit_clean,1,18,1,1,0,17,0
M01,DATA,7,1,elicit_clean,elicit_clean,1,18,1,1,0,17,0
M01,DATA,8,1,elicit_clean,elicit_clean,1,18,1,1,0,17,0
M01,DATA,9,1,elicit_clean,elicit_clean,1,18,1,1,0,17,0
M01,DATA,10,1,elicit_clean,elicit_clean,1,18,1,1,0,17,0
M02,CTRL,1,0,none,none,1,18,0,0,0,0,1
M02,CTRL,2,0,none,none,1,18,0,0,0,0,1
M02,CTRL,3,0,none,none,1,18,0,0,0,0,1
M02,CTRL,4,0,none,none,1,18,0,0,0,0,1
M02,CTRL,5,0,none,none,1,18,0,0,0,0,1
M02,CTRL,6,0,none,none,1,18,0,0,0,0,1
M02,CTRL,7,0,none,none,1,18,0,0,0,0,1
M02,CTRL,8,0,none,none,1,18,0,0,0,0,1
M02,CTRL,9,0,none,none,1,18,0,0,0,0,1
M02,CTRL,10,0,none,none,1,18,0,0,0,0,1
M03,DATA,1,1,elicit_clean,elicit_clean,1,18,1,1,0,2,1
M03,DATA,2,1,elicit_clean,elicit_clean,1,18,1,1,0,2,1
M03,DATA,3,1,elicit_clean,elicit_clean,1,18,1,1,0,2,1
M03,DATA,4,1,elicit_clean,elicit_clean,1,18,1,1,0,2,1
M03,DATA,5,1,elicit_clean,elicit_clean,1,18,1,1,0,2,1
M03,DATA,6,1,elicit_clean,elicit_clean,1,18,1,1,0,2,1
M03,DATA,7,1,elicit_clean,elicit_clean,1,18,1,1,0,2,1
M03,DATA,8,1,elicit_clean,elicit_clean,1,18,1,1,0,2,1
M03,DATA,9,1,elicit_clean,elicit_clean,1,18,1,1,0,2,1
M03,DATA,10,1,elicit_clean,elicit_clean,1,18,1,1,0,2,1
M04,DATA,1,1,merge_sources,merge_sources,1,18,1,1,0,15,0
M04,DATA,2,1,merge_sources,merge_sources,1,18,1,1,0,15,0
M04,DATA,3,1,merge_sources,merge_sources,1,18,1,1,0,15,0
M04,DATA,4,1,merge_sources,merge_sources,1,18,1,1,0,15,0
M04,DATA,5,1,merge_sources,merge_sources,1,18,1,1,0,15,0
M04,DATA,6,1,merge_sources,merge_sources,1,18,1,1,0,15,0
M04,DATA,7,1,merge_sources,merge_sources,1,18,1,1,0,15,0
M04,DATA,8,1,merge_sources,merge_sources,1,18,1,1,0,15,0
M04,DATA,9,1,merge_sources,merge_sources,1,18,1,1,0,15,0
M04,DATA,10,1,merge_sources,merge_sources,1,18,1,1,0,15,0
M05,DATA,1,1,scite_enrich,scite_enrich,1,18,1,1,0,8,1
M05,DATA,2,1,scite_enrich,scite_enrich,1,18,1,1,0,8,1
M05,DATA,3,1,scite_enrich,scite_enrich,1,18,1,1,0,8,1
M05,DATA,4,1,scite_enrich,scite_enrich,1,18,1,1,0,8,1
M05,DATA,5,1,scite_enrich,scite_enrich,1,18,1,1,0,8,1
M05,DATA,6,1,scite_enrich,scite_enrich,1,18,1,1,0,8,1
M05,DATA,7,1,scite_enrich,scite_enrich,1,18,1,1,0,8,1
M05,DATA,8,1,scite_enrich,scite_enrich,1,18,1,1,0,8,1
M05,DATA,9,1,scite_enrich,scite_enrich,1,18,1,1,0,8,1
M05,DATA,10,1,scite_enrich,scite_enrich,1,18,1,1,0,8,1
M06,DATA,1,1,merge_sources,merge_sources,1,18,1,1,0,15,0
M06,DATA,2,1,merge_sources,merge_sources,1,18,1,1,0,15,0
M06,DATA,3,1,merge_sources,merge_sources,1,18,1,1,0,15,0
M06,DATA,4,1,merge_sources,merge_sources,1,18,1,1,0,15,0
M06,DATA,5,1,merge_sources,merge_sources,1,18,1,1,0,15,0
M06,DATA,6,1,merge_sources,merge_sources,1,18,1,1,0,15,0
M06,DATA,7,1,merge_sources,merge_sources,1,18,1,1,0,15,0
M06,DATA,8,1,merge_sources,merge_sources,1,18,1,1,0,15,0
M06,DATA,9,1,merge_sources,merge_sources,1,18,1,1,0,15,0
M06,DATA,10,1,merge_sources,merge_sources,1,18,1,1,0,15,0
M07,CODE,1,1,semantic_dedup,semantic_dedup,1,18,1,1,0,16,0
M07,CODE,2,1,semantic_dedup,semantic_dedup,1,18,1,1,0,16,0
M07,CODE,3,1,semantic_dedup,semantic_dedup,1,18,1,1,0,16,0
M07,CODE,4,1,semantic_dedup,semantic_dedup,1,18,1,1,0,16,0
M07,CODE,5,1,semantic_dedup,semantic_dedup,1,18,1,1,0,16,0
M07,CODE,6,1,semantic_dedup,semantic_dedup,1,18,1,1,0,16,0
M07,CODE,7,1,semantic_dedup,semantic_dedup,1,18,1,1,0,16,0
M07,CODE,8,1,semantic_dedup,semantic_dedup,1,18,1,1,0,16,0
M07,CODE,9,1,semantic_dedup,semantic_dedup,1,18,1,1,0,16,0
M07,CODE,10,1,semantic_dedup,semantic_dedup,1,18,1,1,0,16,0
M08,CODE,1,1,matrix_generator,matrix_generator,1,18,1,1,0,0,0
M08,CODE,2,1,matrix_generator,matrix_generator,1,18,1,1,0,0,0
M08,CODE,3,1,matrix_generator,matrix_generator,1,18,1,1,0,0,0
M08,CODE,4,1,matrix_generator,matrix_generator,1,18,1,1,0,0,0
M08,CODE,5,1,matrix_generator,matrix_generator,1,18,1,1,0,0,0
M08,CODE,6,1,matrix_generator,matrix_generator,1,18,1,1,0,0,0
M08,CODE,7,1,matrix_generator,matrix_generator,1,18,1,1,0,0,0
M08,CODE,8,1,matrix_generator,matrix_generator,1,18,1,1,0,0,0
M08,CODE,9,1,matrix_generator,matrix_generator,1,18,1,1,0,0,0
M08,CODE,10,1,matrix_generator,matrix_generator,1,18,1,1,0,0,0
M09,CODE,1,1,reading_queue,reading_queue,1,18,1,1,0,0,0
M09,CODE,2,1,reading_queue,reading_queue,1,18,1,1,0,0,0
M09,CODE,3,1,reading_queue,reading_queue,1,18,1,1,0,0,0
M09,CODE,4,1,reading_queue,reading_queue,1,18,1,1,0,0,0
M09,CODE,5,1,reading_queue,reading_queue,1,18,1,1,0,0,0
M09,CODE,6,1,reading_queue,reading_queue,1,18,1,1,0,0,0
M09,CODE,7,1,reading_queue,reading_queue,1,18,1,1,0,0,0
M09,CODE,8,1,reading_queue,reading_queue,1,18,1,1,0,0,0
M09,CODE,9,1,reading_queue,reading_queue,1,18,1,1,0,0,0
M09,CODE,10,1,reading_queue,reading_queue,1,18,1,1,0,0,0
M10,CODE,1,1,bias_audit,bias_audit,1,18,1,1,0,0,0
M10,CODE,2,1,bias_audit,bias_audit,1,18,1,1,0,0,0
M10,CODE,3,1,bias_audit,bias_audit,1,18,1,1,0,0,0
M10,CODE,4,1,bias_audit,bias_audit,1,18,1,1,0,0,0
M10,CODE,5,1,bias_audit,bias_audit,1,18,1,1,0,0,0
M10,CODE,6,1,bias_audit,bias_audit,1,18,1,1,0,0,0
M10,CODE,7,1,bias_audit,bias_audit,1,18,1,1,0,0,0
M10,CODE,8,1,bias_audit,bias_audit,1,18,1,1,0,0,0
M10,CODE,9,1,bias_audit,bias_audit,1,18,1,1,0,0,0
M10,CODE,10,1,bias_audit,bias_audit,1,18,1,1,0,0,0
M11,ENV,1,1,merge_sources,merge_sources,1,18,14,1,13,2,2
M11,ENV,2,1,merge_sources,merge_sources,1,18,14,1,13,2,2
M11,ENV,3,1,merge_sources,merge_sources,1,18,14,1,13,2,2
M11,ENV,4,1,merge_sources,merge_sources,1,18,14,1,13,2,2
M11,ENV,5,1,merge_sources,merge_sources,1,18,14,1,13,2,2
M11,ENV,6,1,merge_sources,merge_sources,1,18,14,1,13,2,2
M11,ENV,7,1,merge_sources,merge_sources,1,18,14,1,13,2,2
M11,ENV,8,1,merge_sources,merge_sources,1,18,14,1,13,2,2
M11,ENV,9,1,merge_sources,merge_sources,1,18,14,1,13,2,2
M11,ENV,10,1,merge_sources,merge_sources,1,18,14,1,13,2,2
M12,CTRL,1,0,none,none,1,18,0,0,0,0,0
M12,CTRL,2,0,none,none,1,18,0,0,0,0,0
M12,CTRL,3,0,none,none,1,18,0,0,0,0,0
M12,CTRL,4,0,none,none,1,18,0,0,0,0,0
M12,CTRL,5,0,none,none,1,18,0,0,0,0,0
M12,CTRL,6,0,none,none,1,18,0,0,0,0,0
M12,CTRL,7,0,none,none,1,18,0,0,0,0,0
M12,CTRL,8,0,none,none,1,18,0,0,0,0,0
M12,CTRL,9,0,none,none,1,18,0,0,0,0,0
M12,CTRL,10,0,none,none,1,18,0,0,0,0,0
M13,NOND,1,1,zettel_generator,zettel_generator,1,18,1,1,0,1,0
M13,NOND,2,1,zettel_generator,zettel_generator,1,18,1,1,0,1,0
M13,NOND,3,1,zettel_generator,zettel_generator,1,18,1,1,0,1,0
M13,NOND,4,1,zettel_generator,zettel_generator,1,18,1,1,0,1,0
M13,NOND,5,1,zettel_generator,zettel_generator,1,18,1,1,0,1,0
M13,NOND,6,1,zettel_generator,zettel_generator,1,18,1,1,0,1,0
M13,NOND,7,1,zettel_generator,zettel_generator,1,18,1,1,0,1,0
M13,NOND,8,1,zettel_generator,zettel_generator,1,18,1,1,0,1,0
M13,NOND,9,1,zettel_generator,zettel_generator,1,18,1,1,0,1,0
M13,NOND,10,1,zettel_generator,zettel_generator,1,18,1,1,0,1,0
