county,item_name,quantity
ADAMS,"RIFLE,7.62 MILLIMETER",1.0
ADAMS,"RIFLE,7.62 MILLIMETER",1.0
ADAMS,"RIFLE,7.62 MILLIMETER",1.0
ADAMS,"RIFLE,7.62 MILLIMETER",1.0
ADAMS,"RIFLE,7.62 MILLIMETER",1.0
ADAMS,"RIFLE,7.62 MILLIMETER",1.0
BUFFALO,"RIFLE,5.56 MILLIMETER",1.0
BUFFALO,"RIFLE,5.56 MILLIMETER",1.0
BUFFALO,"RIFLE,5.56 MILLIMETER",1.0
BUFFALO,"RIFLE,5.56 MILLIMETER",1.0
BUFFALO,"RIFLE,5.56 MILLIMETER",1.0
BUFFALO,"RIFLE,5.56 MILLIMETER",1.0
BUFFALO,"RIFLE,5.56 MILLIMETER",1.0
BUFFALO,"RIFLE,5.56 MILLIMETER",1.0
BURT,"RIFLE,5.56 MILLIMETER",1.0
BURT,"RIFLE,5.56 MILLIMETER",1.0
BURT,"RIFLE,7.62 MILLIMETER",1.0
BURT,"RIFLE,5.56 MILLIMETER",1.0
BURT,"RIFLE,5.56 MILLIMETER",1.0
BURT,"RIFLE,5.56 MILLIMETER",1.0
BURT,"RIFLE,5.56 MILLIMETER",1.0
BURT,"RIFLE,5.56 MILLIMETER",1.0
BURT,"RIFLE,5.56 MILLIMETER",1.0
BURT,"RIFLE,5.56 MILLIMETER",1.0
BURT,"TRUCK,CARGO",1.0
BUTLER,"RIFLE,7.62 MILLIMETER",1.0
CASS,"RIFLE,5.56 MILLIMETER",1.0
CASS,"RIFLE,5.56 MILLIMETER",1.0
CASS,"RIFLE,5.56 MILLIMETER",1.0
CASS,"RIFLE,5.56 MILLIMETER",1.0
CASS,"RIFLE,5.56 MILLIMETER",1.0
CASS,"RIFLE,5.56 MILLIMETER",1.0
CASS,"RIFLE,5.56 MILLIMETER",1.0
CASS,"RIFLE,5.56 MILLIMETER",1.0
CASS,"RIFLE,5.56 MILLIMETER",1.0
CASS,"RIFLE,5.56 MILLIMETER",1.0
CASS,"RIFLE,5.56 MILLIMETER",1.0
CASS,"RIFLE,5.56 MILLIMETER",1.0
CASS,"RIFLE,5.56 MILLIMETER",1.0
CASS,"RIFLE,5.56 MILLIMETER",1.0
CASS,"RIFLE,5.56 MILLIMETER",1.0
CASS,"RIFLE,5.56 MILLIMETER",1.0
CASS,"RIFLE,5.56 MILLIMETER",1.0
CASS,"RIFLE,5.56 MILLIMETER",1.0
CASS,"RIFLE,5.56 MILLIMETER",1.0
CASS,"RIFLE,5.56 MILLIMETER",1.0
CASS,"RIFLE,5.56 MILLIMETER",1.0
CASS,"RIFLE,5.56 MILLIMETER",1.0
CASS,"RIFLE,5.56 MILLIMETER",1.0
CASS,"RIFLE,5.56 MILLIMETER",1.0
CASS,"RIFLE,5.56 MILLIMETER",1.0
CASS,"RIFLE,5.56 MILLIMETER",1.0
CASS,"RIFLE,5.56 MILLIMETER",1.0
CASS,"RIFLE,5.56 MILLIMETER",1.0
CASS,"RIFLE,5.56 MILLIMETER",1.0
CASS,"RIFLE,5.56 MILLIMETER",1.0
CASS,"RIFLE,5.56 MILLIMETER",1.0
CASS,"RIFLE,5.56 MILLIMETER",1.0
CASS,"RIFLE,5.56 MILLIMETER",1.0
CASS,"RIFLE,5.56 MILLIMETER",1.0
CASS,"RIFLE,5.56 MILLIMETER",1.0
CASS,"RIFLE,5.56 MILLIMETER",1.0
CASS,"RIFLE,5.56 MILLIMETER",1.0
CHASE,"RIFLE,5.56 MILLIMETER",1.0
CHASE,"RIFLE,5.56 MILLIMETER",1.0
CHASE,"RIFLE,5.56 MILLIMETER",1.0
CHASE,"RIFLE,5.56 MILLIMETER",1.0
COLFAX,"RIFLE,7.62 MILLIMETER",1.0
COLFAX,"RIFLE,5.56 MILLIMETER",1.0
COLFAX,"RIFLE,5.56 MILLIMETER",1.0
COLFAX,"RIFLE,5.56 MILLIMETER",1.0
COLFAX,"RIFLE,5.56 MILLIMETER",1.0
COLFAX,"RIFLE,5.56 MILLIMETER",1.0
COLFAX,"RIFLE,5.56 MILLIMETER",1.0
COLFAX,"RIFLE,5.56 MILLIMETER",1.0
DAKOTA,"RIFLE,5.56 MILLIMETER",1.0
DAKOTA,"RIFLE,5.56 MILLIMETER",1.0
DAKOTA,"PISTOL,CALIBER .45,AUTOMATIC",1.0
DAKOTA,"PISTOL,CALIBER .45,AUTOMATIC",1.0
DAKOTA,"PISTOL,CALIBER .45,AUTOMATIC",1.0
DAKOTA,"PISTOL,CALIBER .45,AUTOMATIC",1.0
DAKOTA,"PISTOL,CALIBER .45,AUTOMATIC",1.0
DAKOTA,"REVOLVER,CALIBER .38 SPECIAL",1.0
DAKOTA,"REVOLVER,CALIBER .38 SPECIAL",1.0
DAKOTA,"REVOLVER,CALIBER .38 SPECIAL",1.0
DAKOTA,"REVOLVER,CALIBER .38 SPECIAL",1.0
DAKOTA,"REVOLVER,CALIBER .38 SPECIAL",1.0
DAKOTA,"ROBOT,EXPLOSIVE ORDNANCE DISPOSAL",1.0
DAKOTA,TOOL KIT,1.0
DAKOTA,TOOL KIT,1.0
DAKOTA,TOOL KIT,1.0
DAKOTA,"ILLUMINATOR,INFRARED",2.0
DAKOTA,"ILLUMINATOR,INFRARED",1.0
DAKOTA,"ILLUMINATOR,INFRARED",1.0
DAKOTA,"ILLUMINATOR,INFRARED",1.0
DAKOTA,"ILLUMINATOR,INFRARED",1.0
DAKOTA,"ILLUMINATOR,INFRARED",1.0
DAKOTA,"ILLUMINATOR,INFRARED",1.0
DAKOTA,"ILLUMINATOR,INFRARED",1.0
DAKOTA,"ILLUMINATOR,INFRARED",1.0
DAKOTA,"ILLUMINATOR,INFRARED",1.0
DAKOTA,"ILLUMINATOR,INFRARED",1.0
DAKOTA,"ILLUMINATOR,INFRARED",1.0
DAKOTA,"ILLUMINATOR,INFRARED",1.0
DAKOTA,"ILLUMINATOR,INFRARED",1.0
DAKOTA,"ILLUMINATOR,INFRARED",1.0
DAKOTA,"ILLUMINATOR,INFRARED",1.0
DAKOTA,"ILLUMINATOR,INFRARED",1.0
DAKOTA,"ILLUMINATOR,INFRARED",1.0
DAKOTA,"ILLUMINATOR,INFRARED",1.0
DAKOTA,"ILLUMINATOR,INFRARED",1.0
DAKOTA,"ILLUMINATOR,INFRARED",1.0
DAKOTA,PLATOON EARLY WARNI,1.0
DAKOTA,PLATOON EARLY WARNI,1.0
DAKOTA,PLATOON EARLY WARNI,1.0
DAKOTA,"SPECTACLES SET,BALL",30.0
DAKOTA,"SPECTACLES SET,BALL",30.0
DAWES,"RIFLE,5.56 MILLIMETER",1.0
DAWES,"RIFLE,5.56 MILLIMETER",1.0
DAWES,"RIFLE,5.56 MILLIMETER",1.0
DAWES,"RIFLE,5.56 MILLIMETER",1.0
DAWES,"RIFLE,5.56 MILLIMETER",1.0
DAWES,"RIFLE,5.56 MILLIMETER",1.0
DAWES,"RIFLE,5.56 MILLIMETER",1.0
DAWSON,"RIFLE,7.62 MILLIMETER",1.0
DAWSON,"RIFLE,7.62 MILLIMETER",1.0
DAWSON,"RIFLE,7.62 MILLIMETER",1.0
DAWSON,"RIFLE,7.62 MILLIMETER",1.0
DAWSON,"RIFLE,7.62 MILLIMETER",1.0
DAWSON,"RIFLE,7.62 MILLIMETER",1.0
DAWSON,"RIFLE,7.62 MILLIMETER",1.0
DAWSON,"RIFLE,7.62 MILLIMETER",1.0
DAWSON,"RIFLE,7.62 MILLIMETER",1.0
DAWSON,"RIFLE,7.62 MILLIMETER",1.0
DAWSON,"RIFLE,7.62 MILLIMETER",1.0
DAWSON,"RIFLE,7.62 MILLIMETER",1.0
DIXON,"RIFLE,5.56 MILLIMETER",1.0
DIXON,"RIFLE,5.56 MILLIMETER",1.0
DIXON,"RIFLE,5.56 MILLIMETER",1.0
DIXON,"RIFLE,5.56 MILLIMETER",1.0
DIXON,"RIFLE,5.56 MILLIMETER",1.0
DODGE,"RIFLE,7.62 MILLIMETER",1.0
DODGE,"RIFLE,7.62 MILLIMETER",1.0
DODGE,"RIFLE,7.62 MILLIMETER",1.0
DODGE,"RIFLE,7.62 MILLIMETER",1.0
DODGE,"RIFLE,7.62 MILLIMETER",1.0
DODGE,"RIFLE,7.62 MILLIMETER",1.0
DODGE,"RIFLE,7.62 MILLIMETER",1.0
DOUGLAS,"RIFLE,5.56 MILLIMETER",1.0
DOUGLAS,"RIFLE,5.56 MILLIMETER",1.0
DOUGLAS,"RIFLE,5.56 MILLIMETER",1.0
DOUGLAS,"RIFLE,5.56 MILLIMETER",1.0
DOUGLAS,"RIFLE,5.56 MILLIMETER",1.0
DOUGLAS,"RIFLE,5.56 MILLIMETER",1.0
DOUGLAS,"RIFLE,5.56 MILLIMETER",1.0
DOUGLAS,"RIFLE,5.56 MILLIMETER",1.0
DOUGLAS,"RIFLE,5.56 MILLIMETER",1.0
DOUGLAS,"RIFLE,5.56 MILLIMETER",1.0
DOUGLAS,"RIFLE,5.56 MILLIMETER",1.0
DOUGLAS,"RIFLE,5.56 MILLIMETER",1.0
DOUGLAS,"RIFLE,5.56 MILLIMETER",1.0
DOUGLAS,"RIFLE,5.56 MILLIMETER",1.0
DOUGLAS,"RIFLE,7.62 MILLIMETER",1.0
DOUGLAS,"RIFLE,7.62 MILLIMETER",1.0
DOUGLAS,"RIFLE,7.62 MILLIMETER",1.0
DOUGLAS,"RIFLE,7.62 MILLIMETER",1.0
DOUGLAS,"RIFLE,7.62 MILLIMETER",1.0
DOUGLAS,"RIFLE,7.62 MILLIMETER",1.0
DOUGLAS,"RIFLE,7.62 MILLIMETER",1.0
DOUGLAS,"RIFLE,7.62 MILLIMETER",1.0
DOUGLAS,"RIFLE,7.62 MILLIMETER",1.0
DOUGLAS,"RIFLE,7.62 MILLIMETER",1.0
DOUGLAS,"RIFLE,7.62 MILLIMETER",1.0
DOUGLAS,"RIFLE,7.62 MILLIMETER",1.0
DOUGLAS,"RIFLE,7.62 MILLIMETER",1.0
DOUGLAS,"RIFLE,7.62 MILLIMETER",1.0
DOUGLAS,"RIFLE,7.62 MILLIMETER",1.0
DOUGLAS,"RIFLE,7.62 MILLIMETER",1.0
DOUGLAS,"CAMOUFLAGE NET SYSTEM,RADAR SCATTERING",5.0
DOUGLAS,"CAMOUFLAGE NET SYSTEM,RADAR SCATTERING",10.0
DOUGLAS,"HOLSTER,PISTOL",1.0
DOUGLAS,"HOLSTER,PISTOL",2.0
DOUGLAS,BINOCULAR,3.0
DOUGLAS,OPTICAL SIGHTING AND RANGING EQUIPMENT,1.0
DOUGLAS,OPTICAL SIGHTING AND RANGING EQUIPMENT,1.0
DOUGLAS,OPTICAL SIGHTING AND RANGING EQUIPMENT,1.0
DOUGLAS,OPTICAL SIGHTING AND RANGING EQUIPMENT,1.0
DOUGLAS,OPTICAL SIGHTING AND RANGING EQUIPMENT,1.0
DOUGLAS,OPTICAL SIGHTING AND RANGING EQUIPMENT,1.0
DOUGLAS,OPTICAL SIGHTING AND RANGING EQUIPMENT,1.0
DOUGLAS,OPTICAL SIGHTING AND RANGING EQUIPMENT,1.0
DOUGLAS,OPTICAL SIGHTING AND RANGING EQUIPMENT,1.0
DOUGLAS,OPTICAL SIGHTING AND RANGING EQUIPMENT,1.0
DOUGLAS,OPTICAL SIGHTING AND RANGING EQUIPMENT,1.0
DOUGLAS,OPTICAL SIGHTING AND RANGING EQUIPMENT,1.0
DOUGLAS,OPTICAL SIGHTING AND RANGING EQUIPMENT,1.0
DOUGLAS,OPTICAL SIGHTING AND RANGING EQUIPMENT,1.0
DOUGLAS,OPTICAL SIGHTING AND RANGING EQUIPMENT,1.0
DOUGLAS,OPTICAL SIGHTING AND RANGING EQUIPMENT,1.0
DOUGLAS,OPTICAL SIGHTING AND RANGING EQUIPMENT,1.0
DOUGLAS,OPTICAL SIGHTING AND RANGING EQUIPMENT,1.0
DOUGLAS,OPTICAL SIGHTING AND RANGING EQUIPMENT,1.0
DOUGLAS,OPTICAL SIGHTING AND RANGING EQUIPMENT,1.0
DOUGLAS,OPTICAL SIGHTING AND RANGING EQUIPMENT,1.0
DOUGLAS,OPTICAL SIGHTING AND RANGING EQUIPMENT,1.0
DOUGLAS,OPTICAL SIGHTING AND RANGING EQUIPMENT,1.0
DOUGLAS,OPTICAL SIGHTING AND RANGING EQUIPMENT,1.0
DOUGLAS,OPTICAL SIGHTING AND RANGING EQUIPMENT,1.0
DOUGLAS,OPTICAL SIGHTING AND RANGING EQUIPMENT,1.0
DOUGLAS,OPTICAL SIGHTING AND RANGING EQUIPMENT,1.0
DOUGLAS,OPTICAL SIGHTING AND RANGING EQUIPMENT,1.0
DOUGLAS,OPTICAL SIGHTING AND RANGING EQUIPMENT,1.0
DOUGLAS,OPTICAL SIGHTING AND RANGING EQUIPMENT,1.0
DOUGLAS,OPTICAL SIGHTING AND RANGING EQUIPMENT,1.0
DOUGLAS,OPTICAL SIGHTING AND RANGING EQUIPMENT,1.0
DOUGLAS,OPTICAL SIGHTING AND RANGING EQUIPMENT,1.0
DOUGLAS,OPTICAL SIGHTING AND RANGING EQUIPMENT,1.0
DOUGLAS,OPTICAL SIGHTING AND RANGING EQUIPMENT,1.0
DOUGLAS,OPTICAL SIGHTING AND RANGING EQUIPMENT,1.0
DOUGLAS,OPTICAL SIGHTING AND RANGING EQUIPMENT,1.0
DOUGLAS,OPTICAL SIGHTING AND RANGING EQUIPMENT,1.0
DOUGLAS,OPTICAL SIGHTING AND RANGING EQUIPMENT,1.0
DOUGLAS,OPTICAL SIGHTING AND RANGING EQUIPMENT,1.0
DOUGLAS,OPTICAL SIGHTING AND RANGING EQUIPMENT,1.0
DOUGLAS,OPTICAL SIGHTING AND RANGING EQUIPMENT,1.0
DOUGLAS,OPTICAL SIGHTING AND RANGING EQUIPMENT,1.0
DOUGLAS,OPTICAL SIGHTING AND RANGING EQUIPMENT,1.0
DOUGLAS,OPTICAL SIGHTING AND RANGING EQUIPMENT,1.0
DOUGLAS,OPTICAL SIGHTING AND RANGING EQUIPMENT,1.0
DOUGLAS,OPTICAL SIGHTING AND RANGING EQUIPMENT,1.0
DOUGLAS,OPTICAL SIGHTING AND RANGING EQUIPMENT,1.0
DOUGLAS,OPTICAL SIGHTING AND RANGING EQUIPMENT,1.0
DOUGLAS,OPTICAL SIGHTING AND RANGING EQUIPMENT,1.0
DOUGLAS,OPTICAL SIGHTING AND RANGING EQUIPMENT,1.0
DOUGLAS,OPTICAL SIGHTING AND RANGING EQUIPMENT,1.0
DOUGLAS,OPTICAL SIGHTING AND RANGING EQUIPMENT,1.0
DOUGLAS,OPTICAL SIGHTING AND RANGING EQUIPMENT,1.0
DOUGLAS,OPTICAL SIGHTING AND RANGING EQUIPMENT,1.0
DOUGLAS,OPTICAL SIGHTING AND RANGING EQUIPMENT,1.0
DOUGLAS,OPTICAL SIGHTING AND RANGING EQUIPMENT,1.0
DOUGLAS,OPTICAL SIGHTING AND RANGING EQUIPMENT,1.0
DOUGLAS,OPTICAL SIGHTING AND RANGING EQUIPMENT,1.0
DOUGLAS,OPTICAL SIGHTING AND RANGING EQUIPMENT,1.0
DOUGLAS,OPTICAL SIGHTING AND RANGING EQUIPMENT,1.0
DOUGLAS,OPTICAL SIGHTING AND RANGING EQUIPMENT,1.0
DOUGLAS,OPTICAL SIGHTING AND RANGING EQUIPMENT,1.0
DOUGLAS,OPTICAL SIGHTING AND RANGING EQUIPMENT,1.0
DOUGLAS,OPTICAL SIGHTING AND RANGING EQUIPMENT,1.0
DOUGLAS,OPTICAL SIGHTING AND RANGING EQUIPMENT,1.0
DOUGLAS,OPTICAL SIGHTING AND RANGING EQUIPMENT,1.0
DOUGLAS,OPTICAL SIGHTING AND RANGING EQUIPMENT,1.0
DOUGLAS,OPTICAL SIGHTING AND RANGING EQUIPMENT,1.0
DOUGLAS,OPTICAL SIGHTING AND RANGING EQUIPMENT,1.0
DOUGLAS,"SPECTACLE KIT,INTER",40.0
DOUGLAS,"SPECTACLE KIT,INTER",3.0
DOUGLAS,"SAFETY GLASSES,REVI",80.0
DOUGLAS,"GOGGLES,INDUSTRIAL",85.0
DOUGLAS,"IMAGE INTENSIFIER,NIGHT VISION",1.0
DOUGLAS,"IMAGE INTENSIFIER,NIGHT VISION",1.0
DOUGLAS,"IMAGE INTENSIFIER,NIGHT VISION",1.0
DOUGLAS,"IMAGE INTENSIFIER,NIGHT VISION",1.0
DOUGLAS,"IMAGE INTENSIFIER,NIGHT VISION",1.0
DOUGLAS,"IMAGE INTENSIFIER,NIGHT VISION",1.0
DOUGLAS,"IMAGE INTENSIFIER,NIGHT VISION",1.0
DOUGLAS,"IMAGE INTENSIFIER,NIGHT VISION",1.0
DOUGLAS,"IMAGE INTENSIFIER,NIGHT VISION",1.0
DOUGLAS,"IMAGE INTENSIFIER,NIGHT VISION",1.0
DOUGLAS,"IMAGE INTENSIFIER,NIGHT VISION",1.0
DOUGLAS,"IMAGE INTENSIFIER,NIGHT VISION",1.0
DOUGLAS,"IMAGE INTENSIFIER,NIGHT VISION",1.0
DOUGLAS,"IMAGE INTENSIFIER,NIGHT VISION",1.0
DOUGLAS,"IMAGE INTENSIFIER,NIGHT VISION",1.0
DOUGLAS,"IMAGE INTENSIFIER,NIGHT VISION",1.0
DOUGLAS,"IMAGE INTENSIFIER,NIGHT VISION",1.0
DOUGLAS,"IMAGE INTENSIFIER,NIGHT VISION",1.0
DOUGLAS,"IMAGE INTENSIFIER,NIGHT VISION",1.0
DOUGLAS,"IMAGE INTENSIFIER,NIGHT VISION",1.0
DOUGLAS,"IMAGE INTENSIFIER,NIGHT VISION",1.0
DOUGLAS,"IMAGE INTENSIFIER,NIGHT VISION",1.0
DOUGLAS,"IMAGE INTENSIFIER,NIGHT VISION",1.0
DOUGLAS,"IMAGE INTENSIFIER,NIGHT VISION",1.0
DOUGLAS,"IMAGE INTENSIFIER,NIGHT VISION",1.0
DOUGLAS,"IMAGE INTENSIFIER,NIGHT VISION",1.0
DOUGLAS,"IMAGE INTENSIFIER,NIGHT VISION",1.0
DOUGLAS,"IMAGE INTENSIFIER,NIGHT VISION",1.0
DOUGLAS,"IMAGE INTENSIFIER,NIGHT VISION",1.0
DOUGLAS,"IMAGE INTENSIFIER,NIGHT VISION",1.0
DOUGLAS,"IMAGE INTENSIFIER,NIGHT VISION",1.0
DOUGLAS,"IMAGE INTENSIFIER,NIGHT VISION",1.0
DOUGLAS,"IMAGE INTENSIFIER,NIGHT VISION",1.0
DOUGLAS,"IMAGE INTENSIFIER,NIGHT VISION",1.0
DOUGLAS,"IMAGE INTENSIFIER,NIGHT VISION",1.0
DOUGLAS,"IMAGE INTENSIFIER,NIGHT VISION",1.0
DOUGLAS,"IMAGE INTENSIFIER,NIGHT VISION",1.0
DOUGLAS,"IMAGE INTENSIFIER,NIGHT VISION",1.0
DOUGLAS,"IMAGE INTENSIFIER,NIGHT VISION",1.0
DOUGLAS,"IMAGE INTENSIFIER,NIGHT VISION",1.0
DOUGLAS,"IMAGE INTENSIFIER,NIGHT VISION",1.0
DOUGLAS,"IMAGE INTENSIFIER,NIGHT VISION",1.0
DOUGLAS,"IMAGE INTENSIFIER,NIGHT VISION",1.0
DOUGLAS,"IMAGE INTENSIFIER,NIGHT VISION",1.0
DOUGLAS,"IMAGE INTENSIFIER,NIGHT VISION",1.0
DOUGLAS,"IMAGE INTENSIFIER,NIGHT VISION",1.0
DOUGLAS,"IMAGE INTENSIFIER,NIGHT VISION",1.0
DOUGLAS,"IMAGE INTENSIFIER,NIGHT VISION",1.0
DOUGLAS,"IMAGE INTENSIFIER,NIGHT VISION",1.0
DOUGLAS,"IMAGE INTENSIFIER,NIGHT VISION",1.0
DOUGLAS,"IMAGE INTENSIFIER,NIGHT VISION",1.0
DOUGLAS,"IMAGE INTENSIFIER,NIGHT VISION",1.0
DOUGLAS,"IMAGE INTENSIFIER,NIGHT VISION",1.0
DOUGLAS,"IMAGE INTENSIFIER,NIGHT VISION",1.0
DOUGLAS,"IMAGE INTENSIFIER,NIGHT VISION",1.0
DOUGLAS,"IMAGE INTENSIFIER,NIGHT VISION",1.0
DOUGLAS,"IMAGE INTENSIFIER,NIGHT VISION",1.0
DOUGLAS,"IMAGE INTENSIFIER,NIGHT VISION",1.0
DOUGLAS,"IMAGE INTENSIFIER,NIGHT VISION",1.0
DOUGLAS,"IMAGE INTENSIFIER,NIGHT VISION",1.0
DOUGLAS,"IMAGE INTENSIFIER,NIGHT VISION",1.0
DOUGLAS,"IMAGE INTENSIFIER,NIGHT VISION",1.0
DOUGLAS,"IMAGE INTENSIFIER,NIGHT VISION",1.0
DOUGLAS,"IMAGE INTENSIFIER,NIGHT VISION",1.0
DOUGLAS,"IMAGE INTENSIFIER,NIGHT VISION",1.0
DOUGLAS,"IMAGE INTENSIFIER,NIGHT VISION",1.0
DOUGLAS,"IMAGE INTENSIFIER,NIGHT VISION",1.0
DOUGLAS,"IMAGE INTENSIFIER,NIGHT VISION",1.0
DOUGLAS,"IMAGE INTENSIFIER,NIGHT VISION",1.0
DOUGLAS,"IMAGE INTENSIFIER,NIGHT VISION",1.0
DOUGLAS,"IMAGE INTENSIFIER,NIGHT VISION",1.0
DOUGLAS,"IMAGE INTENSIFIER,NIGHT VISION",1.0
DOUGLAS,"IMAGE INTENSIFIER,NIGHT VISION",1.0
DOUGLAS,"IMAGE INTENSIFIER,NIGHT VISION",1.0
DOUGLAS,"IMAGE INTENSIFIER,NIGHT VISION",1.0
DOUGLAS,"IMAGE INTENSIFIER,NIGHT VISION",1.0
DOUGLAS,"IMAGE INTENSIFIER,NIGHT VISION",1.0
DOUGLAS,"IMAGE INTENSIFIER,NIGHT VISION",1.0
DOUGLAS,"IMAGE INTENSIFIER,NIGHT VISION",1.0
DOUGLAS,"IMAGE INTENSIFIER,NIGHT VISION",1.0
DOUGLAS,"IMAGE INTENSIFIER,NIGHT VISION",1.0
DOUGLAS,"IMAGE INTENSIFIER,NIGHT VISION",1.0
DOUGLAS,"IMAGE INTENSIFIER,NIGHT VISION",1.0
DOUGLAS,"IMAGE INTENSIFIER,NIGHT VISION",1.0
DOUGLAS,"IMAGE INTENSIFIER,NIGHT VISION",1.0
DOUGLAS,"IMAGE INTENSIFIER,NIGHT VISION",1.0
DOUGLAS,"IMAGE INTENSIFIER,NIGHT VISION",1.0
DOUGLAS,"IMAGE INTENSIFIER,NIGHT VISION",1.0
DOUGLAS,,6.0
DOUGLAS,"IMAGE INTENSIFIER,NIGHT VISION",1.0
DOUGLAS,"IMAGE INTENSIFIER,NIGHT VISION",1.0
DOUGLAS,"IMAGE INTENSIFIER,NIGHT VISION",1.0
DOUGLAS,"IMAGE INTENSIFIER,NIGHT VISION",1.0
DOUGLAS,"IMAGE INTENSIFIER,NIGHT VISION",1.0
DOUGLAS,"IMAGE INTENSIFIER,NIGHT VISION",1.0
DOUGLAS,"IMAGE INTENSIFIER,NIGHT VISION",1.0
DOUGLAS,"IMAGE INTENSIFIER,NIGHT VISION",1.0
DOUGLAS,"IMAGE INTENSIFIER,NIGHT VISION",1.0
DOUGLAS,"IMAGE INTENSIFIER,NIGHT VISION",1.0
DOUGLAS,"IMAGE INTENSIFIER,NIGHT VISION",1.0
DOUGLAS,"IMAGE INTENSIFIER,NIGHT VISION",1.0
DOUGLAS,"IMAGE INTENSIFIER,NIGHT VISION",1.0
DOUGLAS,"IMAGE INTENSIFIER,NIGHT VISION",1.0
DOUGLAS,"IMAGE INTENSIFIER,NIGHT VISION",1.0
DOUGLAS,"IMAGE INTENSIFIER,NIGHT VISION",1.0
DOUGLAS,"IMAGE INTENSIFIER,NIGHT VISION",1.0
DOUGLAS,"IMAGE INTENSIFIER,NIGHT VISION",1.0
DOUGLAS,"IMAGE INTENSIFIER,NIGHT VISION",1.0
DOUGLAS,"IMAGE INTENSIFIER,NIGHT VISION",1.0
DOUGLAS,"IMAGE INTENSIFIER,NIGHT VISION",1.0
DOUGLAS,"IMAGE INTENSIFIER,NIGHT VISION",1.0
DOUGLAS,"IMAGE INTENSIFIER,NIGHT VISION",1.0
DOUGLAS,"IMAGE INTENSIFIER,NIGHT VISION",1.0
DOUGLAS,"IMAGE INTENSIFIER,NIGHT VISION",1.0
DOUGLAS,"IMAGE INTENSIFIER,NIGHT VISION",1.0
DOUGLAS,"IMAGE INTENSIFIER,NIGHT VISION",1.0
DOUGLAS,"IMAGE INTENSIFIER,NIGHT VISION",1.0
DOUGLAS,"IMAGE INTENSIFIER,NIGHT VISION",1.0
DOUGLAS,"IMAGE INTENSIFIER,NIGHT VISION",1.0
DOUGLAS,"IMAGE INTENSIFIER,NIGHT VISION",1.0
DOUGLAS,"IMAGE INTENSIFIER,NIGHT VISION",1.0
DOUGLAS,"IMAGE INTENSIFIER,NIGHT VISION",1.0
DOUGLAS,"IMAGE INTENSIFIER,NIGHT VISION",1.0
DOUGLAS,"IMAGE INTENSIFIER,NIGHT VISION",1.0
DOUGLAS,"IMAGE INTENSIFIER,NIGHT VISION",1.0
DOUGLAS,"IMAGE INTENSIFIER,NIGHT VISION",1.0
DOUGLAS,"IMAGE INTENSIFIER,NIGHT VISION",1.0
DOUGLAS,"IMAGE INTENSIFIER,NIGHT VISION",1.0
DOUGLAS,"IMAGE INTENSIFIER,NIGHT VISION",1.0
DOUGLAS,"IMAGE INTENSIFIER,NIGHT VISION",1.0
DOUGLAS,"IMAGE INTENSIFIER,NIGHT VISION",1.0
DOUGLAS,"IMAGE INTENSIFIER,NIGHT VISION",1.0
DOUGLAS,"IMAGE INTENSIFIER,NIGHT VISION",1.0
DOUGLAS,"IMAGE INTENSIFIER,NIGHT VISION",1.0
DOUGLAS,"IMAGE INTENSIFIER,NIGHT VISION",1.0
DOUGLAS,"IMAGE INTENSIFIER,NIGHT VISION",1.0
DOUGLAS,"IMAGE INTENSIFIER,NIGHT VISION",1.0
DOUGLAS,"IMAGE INTENSIFIER,NIGHT VISION",1.0
DOUGLAS,"IMAGE INTENSIFIER,NIGHT VISION",1.0
DOUGLAS,"IMAGE INTENSIFIER,NIGHT VISION",1.0
DOUGLAS,"IMAGE INTENSIFIER,NIGHT VISION",1.0
DOUGLAS,"IMAGE INTENSIFIER,NIGHT VISION",1.0
DOUGLAS,"IMAGE INTENSIFIER,NIGHT VISION",1.0
DOUGLAS,"IMAGE INTENSIFIER,NIGHT VISION",1.0
DOUGLAS,"IMAGE INTENSIFIER,NIGHT VISION",1.0
DOUGLAS,"IMAGE INTENSIFIER,NIGHT VISION",1.0
DOUGLAS,"IMAGE INTENSIFIER,NIGHT VISION",1.0
DOUGLAS,"IMAGE INTENSIFIER,NIGHT VISION",1.0
DOUGLAS,"IMAGE INTENSIFIER,NIGHT VISION",1.0
DOUGLAS,"IMAGE INTENSIFIER,NIGHT VISION",1.0
DOUGLAS,"IMAGE INTENSIFIER,NIGHT VISION",1.0
DOUGLAS,"IMAGE INTENSIFIER,NIGHT VISION",1.0
DOUGLAS,"IMAGE INTENSIFIER,NIGHT VISION",1.0
DOUGLAS,"IMAGE INTENSIFIER,NIGHT VISION",1.0
DOUGLAS,"BOOTS,COMBAT",5.0
DOUGLAS,"IMAGE INTENSIFIER,NIGHT VISION",1.0
DOUGLAS,"IMAGE INTENSIFIER,NIGHT VISION",1.0
DOUGLAS,"IMAGE INTENSIFIER,NIGHT VISION",1.0
DOUGLAS,"IMAGE INTENSIFIER,NIGHT VISION",1.0
DOUGLAS,"IMAGE INTENSIFIER,NIGHT VISION",1.0
DOUGLAS,"IMAGE INTENSIFIER,NIGHT VISION",1.0
DOUGLAS,"IMAGE INTENSIFIER,NIGHT VISION",1.0
DOUGLAS,"IMAGE INTENSIFIER,NIGHT VISION",1.0
DOUGLAS,"IMAGE INTENSIFIER,NIGHT VISION",1.0
DOUGLAS,"IMAGE INTENSIFIER,NIGHT VISION",1.0
DOUGLAS,"IMAGE INTENSIFIER,NIGHT VISION",1.0
DOUGLAS,"IMAGE INTENSIFIER,NIGHT VISION",1.0
DOUGLAS,"IMAGE INTENSIFIER,NIGHT VISION",1.0
DOUGLAS,"IMAGE INTENSIFIER,NIGHT VISION",1.0
DOUGLAS,"IMAGE INTENSIFIER,NIGHT VISION",1.0
DOUGLAS,"IMAGE INTENSIFIER,NIGHT VISION",1.0
DOUGLAS,"IMAGE INTENSIFIER,NIGHT VISION",1.0
DOUGLAS,"IMAGE INTENSIFIER,NIGHT VISION",1.0
DOUGLAS,"IMAGE INTENSIFIER,NIGHT VISION",1.0
DOUGLAS,"IMAGE INTENSIFIER,NIGHT VISION",1.0
DOUGLAS,"IMAGE INTENSIFIER,NIGHT VISION",1.0
DOUGLAS,"IMAGE INTENSIFIER,NIGHT VISION",1.0
DOUGLAS,"IMAGE INTENSIFIER,NIGHT VISION",1.0
DOUGLAS,"IMAGE INTENSIFIER,NIGHT VISION",1.0
DOUGLAS,"IMAGE INTENSIFIER,NIGHT VISION",1.0
DOUGLAS,"IMAGE INTENSIFIER,NIGHT VISION",1.0
DOUGLAS,"IMAGE INTENSIFIER,NIGHT VISION",1.0
DOUGLAS,"IMAGE INTENSIFIER,NIGHT VISION",1.0
DOUGLAS,"IMAGE INTENSIFIER,NIGHT VISION",1.0
DOUGLAS,"IMAGE INTENSIFIER,NIGHT VISION",1.0
DOUGLAS,"IMAGE INTENSIFIER,NIGHT VISION",1.0
DOUGLAS,"IMAGE INTENSIFIER,NIGHT VISION",1.0
DOUGLAS,"IMAGE INTENSIFIER,NIGHT VISION",1.0
DOUGLAS,"IMAGE INTENSIFIER,NIGHT VISION",1.0
DOUGLAS,"IMAGE INTENSIFIER,NIGHT VISION",1.0
DOUGLAS,"IMAGE INTENSIFIER,NIGHT VISION",1.0
DOUGLAS,"IMAGE INTENSIFIER,NIGHT VISION",1.0
DOUGLAS,"IMAGE INTENSIFIER,NIGHT VISION",1.0
DOUGLAS,"IMAGE INTENSIFIER,NIGHT VISION",1.0
DOUGLAS,"IMAGE INTENSIFIER,NIGHT VISION",1.0
DOUGLAS,"IMAGE INTENSIFIER,NIGHT VISION",1.0
DOUGLAS,"IMAGE INTENSIFIER,NIGHT VISION",1.0
DOUGLAS,NIGHT VISION GOGGLE,1.0
DOUGLAS,NIGHT VISION GOGGLE,1.0
DOUGLAS,NIGHT VISION GOGGLE,1.0
DOUGLAS,NIGHT VISION GOGGLE,1.0
DOUGLAS,NIGHT VISION GOGGLE,1.0
DOUGLAS,NIGHT VISION GOGGLE,1.0
DOUGLAS,NIGHT VISION GOGGLE,1.0
DOUGLAS,NIGHT VISION GOGGLE,1.0
DOUGLAS,NIGHT VISION GOGGLE,1.0
DOUGLAS,NIGHT VISION GOGGLE,1.0
DOUGLAS,NIGHT VISION GOGGLE,1.0
DOUGLAS,NIGHT VISION GOGGLE,1.0
DOUGLAS,NIGHT VISION GOGGLE,1.0
DOUGLAS,NIGHT VISION GOGGLE,1.0
DOUGLAS,NIGHT VISION GOGGLE,1.0
DOUGLAS,NIGHT VISION GOGGLE,1.0
DOUGLAS,NIGHT VISION GOGGLE,1.0
DOUGLAS,NIGHT VISION GOGGLE,1.0
DOUGLAS,NIGHT VISION GOGGLE,1.0
DOUGLAS,NIGHT VISION GOGGLE,1.0
DOUGLAS,NIGHT VISION GOGGLE,1.0
DOUGLAS,NIGHT VISION GOGGLE,1.0
DOUGLAS,NIGHT VISION GOGGLE,1.0
DOUGLAS,NIGHT VISION GOGGLE,1.0
DOUGLAS,NIGHT VISION GOGGLE,1.0
DOUGLAS,NIGHT VISION GOGGLE,1.0
DOUGLAS,NIGHT VISION GOGGLE,1.0
DOUGLAS,NIGHT VISION GOGGLE,1.0
DOUGLAS,NIGHT VISION GOGGLE,1.0
DOUGLAS,NIGHT VISION GOGGLE,1.0
DOUGLAS,NIGHT VISION GOGGLE,1.0
DOUGLAS,NIGHT VISION GOGGLE,1.0
DOUGLAS,NIGHT VISION GOGGLE,1.0
DOUGLAS,NIGHT VISION GOGGLE,1.0
DOUGLAS,NIGHT VISION GOGGLE,1.0
DOUGLAS,NIGHT VISION GOGGLE,1.0
DOUGLAS,NIGHT VISION GOGGLE,1.0
DOUGLAS,NIGHT VISION GOGGLE,1.0
DOUGLAS,NIGHT VISION GOGGLE,1.0
DOUGLAS,NIGHT VISION GOGGLE,1.0
DOUGLAS,NIGHT VISION GOGGLE,1.0
DOUGLAS,NIGHT VISION GOGGLE,1.0
DOUGLAS,NIGHT VISION GOGGLE,1.0
DOUGLAS,NIGHT VISION GOGGLE,1.0
DOUGLAS,NIGHT VISION GOGGLE,1.0
DOUGLAS,NIGHT VISION GOGGLE,1.0
DOUGLAS,NIGHT VISION GOGGLE,1.0
DOUGLAS,NIGHT VISION GOGGLE,1.0
DOUGLAS,NIGHT VISION GOGGLE,1.0
DOUGLAS,NIGHT VISION GOGGLE,1.0
DOUGLAS,NIGHT VISION GOGGLE,1.0
DOUGLAS,NIGHT VISION GOGGLE,1.0
DOUGLAS,NIGHT VISION GOGGLE,1.0
DOUGLAS,NIGHT VISION GOGGLE,1.0
DOUGLAS,NIGHT VISION GOGGLE,1.0
DOUGLAS,NIGHT VISION GOGGLE,1.0
DOUGLAS,NIGHT VISION GOGGLE,1.0
DOUGLAS,NIGHT VISION GOGGLE,1.0
DOUGLAS,NIGHT VISION GOGGLE,1.0
DOUGLAS,NIGHT VISION GOGGLE,1.0
DOUGLAS,NIGHT VISION GOGGLE,1.0
DOUGLAS,NIGHT VISION GOGGLE,1.0
DOUGLAS,NIGHT VISION GOGGLE,1.0
DOUGLAS,NIGHT VISION GOGGLE,1.0
DOUGLAS,NIGHT VISION GOGGLE,1.0
DOUGLAS,NIGHT VISION GOGGLE,1.0
DOUGLAS,NIGHT VISION GOGGLE,1.0
DOUGLAS,NIGHT VISION GOGGLE,1.0
DOUGLAS,NIGHT VISION GOGGLE,1.0
DOUGLAS,NIGHT VISION GOGGLE,1.0
DOUGLAS,NIGHT VISION GOGGLE,1.0
DOUGLAS,NIGHT VISION GOGGLE,1.0
DOUGLAS,NIGHT VISION GOGGLE,1.0
DOUGLAS,NIGHT VISION GOGGLE,1.0
DOUGLAS,NIGHT VISION GOGGLE,1.0
DOUGLAS,NIGHT VISION GOGGLE,1.0
DOUGLAS,NIGHT VISION GOGGLE,1.0
DOUGLAS,NIGHT VISION GOGGLE,1.0
DOUGLAS,NIGHT VISION GOGGLE,1.0
DOUGLAS,NIGHT VISION GOGGLE,1.0
DOUGLAS,NIGHT VISION GOGGLE,1.0
DOUGLAS,NIGHT VISION GOGGLE,1.0
DOUGLAS,NIGHT VISION GOGGLE,1.0
DOUGLAS,NIGHT VISION GOGGLE,1.0
DOUGLAS,NIGHT VISION GOGGLE,1.0
DOUGLAS,NIGHT VISION GOGGLE,1.0
DOUGLAS,NIGHT VISION GOGGLE,1.0
DOUGLAS,NIGHT VISION GOGGLE,1.0
DOUGLAS,NIGHT VISION GOGGLE,1.0
DOUGLAS,NIGHT VISION GOGGLE,1.0
DOUGLAS,NIGHT VISION GOGGLE,1.0
DOUGLAS,NIGHT VISION GOGGLE,1.0
DOUGLAS,NIGHT VISION GOGGLE,1.0
DOUGLAS,NIGHT VISION GOGGLE,1.0
DOUGLAS,NIGHT VISION GOGGLE,1.0
DOUGLAS,NIGHT VISION GOGGLE,1.0
DOUGLAS,NIGHT VISION GOGGLE,1.0
DOUGLAS,NIGHT VISION GOGGLE,1.0
DOUGLAS,NIGHT VISION GOGGLE,1.0
DOUGLAS,NIGHT VISION GOGGLE,1.0
DOUGLAS,NIGHT VISION GOGGLE,1.0
DOUGLAS,NIGHT VISION GOGGLE,1.0
DOUGLAS,NIGHT VISION GOGGLE,1.0
DOUGLAS,NIGHT VISION GOGGLE,1.0
DOUGLAS,NIGHT VISION GOGGLE,1.0
DOUGLAS,CASE SHIPPING,8.0
DOUGLAS,"IMAGE INTENSIFIER,NIGHT VISION",1.0
DOUGLAS,"IMAGE INTENSIFIER,NIGHT VISION",1.0
DOUGLAS,"IMAGE INTENSIFIER,NIGHT VISION",1.0
DOUGLAS,"IMAGE INTENSIFIER,NIGHT VISION",1.0
DOUGLAS,"IMAGE INTENSIFIER,NIGHT VISION",1.0
DOUGLAS,"IMAGE INTENSIFIER,NIGHT VISION",1.0
DOUGLAS,"IMAGE INTENSIFIER,NIGHT VISION",1.0
DOUGLAS,"IMAGE INTENSIFIER,NIGHT VISION",1.0
DOUGLAS,"IMAGE INTENSIFIER,NIGHT VISION",1.0
DOUGLAS,"IMAGE INTENSIFIER,NIGHT VISION",1.0
DOUGLAS,"IMAGE INTENSIFIER,NIGHT VISION",1.0
DOUGLAS,"IMAGE INTENSIFIER,NIGHT VISION",1.0
DOUGLAS,"IMAGE INTENSIFIER,NIGHT VISION",1.0
DOUGLAS,"IMAGE INTENSIFIER,NIGHT VISION",1.0
DOUGLAS,"IMAGE INTENSIFIER,NIGHT VISION",1.0
DOUGLAS,"IMAGE INTENSIFIER,NIGHT VISION",1.0
DOUGLAS,"IMAGE INTENSIFIER,NIGHT VISION",1.0
DOUGLAS,"IMAGE INTENSIFIER,NIGHT VISION",1.0
DOUGLAS,"IMAGE INTENSIFIER,NIGHT VISION",1.0
DOUGLAS,"IMAGE INTENSIFIER,NIGHT VISION",1.0
DOUGLAS,"IMAGE INTENSIFIER,NIGHT VISION",1.0
DOUGLAS,"IMAGE INTENSIFIER,NIGHT VISION",1.0
DOUGLAS,"IMAGE INTENSIFIER,NIGHT VISION",1.0
DOUGLAS,"IMAGE INTENSIFIER,NIGHT VISION",1.0
DOUGLAS,"IMAGE INTENSIFIER,NIGHT VISION",1.0
DOUGLAS,"IMAGE INTENSIFIER,NIGHT VISION",1.0
DOUGLAS,"IMAGE INTENSIFIER,NIGHT VISION",1.0
DOUGLAS,"IMAGE INTENSIFIER,NIGHT VISION",1.0
DOUGLAS,"IMAGE INTENSIFIER,NIGHT VISION",1.0
DOUGLAS,"IMAGE INTENSIFIER,NIGHT VISION",1.0
DOUGLAS,"IMAGE INTENSIFIER,NIGHT VISION",1.0
DOUGLAS,"IMAGE INTENSIFIER,NIGHT VISION",1.0
DOUGLAS,"IMAGE INTENSIFIER,NIGHT VISION",1.0
DOUGLAS,"IMAGE INTENSIFIER,NIGHT VISION",1.0
DOUGLAS,"IMAGE INTENSIFIER,NIGHT VISION",1.0
DOUGLAS,"IMAGE INTENSIFIER,NIGHT VISION",1.0
DOUGLAS,"IMAGE INTENSIFIER,NIGHT VISION",1.0
DOUGLAS,"IMAGE INTENSIFIER,NIGHT VISION",1.0
DOUGLAS,"IMAGE INTENSIFIER,NIGHT VISION",1.0
DOUGLAS,"IMAGE INTENSIFIER,NIGHT VISION",1.0
DOUGLAS,"IMAGE INTENSIFIER,NIGHT VISION",1.0
DOUGLAS,"IMAGE INTENSIFIER,NIGHT VISION",1.0
DOUGLAS,"IMAGE INTENSIFIER,NIGHT VISION",1.0
DOUGLAS,"IMAGE INTENSIFIER,NIGHT VISION",1.0
DOUGLAS,"IMAGE INTENSIFIER,NIGHT VISION",1.0
DOUGLAS,"IMAGE INTENSIFIER,NIGHT VISION",1.0
DOUGLAS,"IMAGE INTENSIFIER,NIGHT VISION",1.0
DOUGLAS,"IMAGE INTENSIFIER,NIGHT VISION",1.0
DOUGLAS,"IMAGE INTENSIFIER,NIGHT VISION",1.0
DOUGLAS,"IMAGE INTENSIFIER,NIGHT VISION",1.0
DOUGLAS,"IMAGE INTENSIFIER,NIGHT VISION",1.0
DOUGLAS,"IMAGE INTENSIFIER,NIGHT VISION",1.0
DOUGLAS,"IMAGE INTENSIFIER,NIGHT VISION",1.0
DOUGLAS,"IMAGE INTENSIFIER,NIGHT VISION",1.0
DOUGLAS,"IMAGE INTENSIFIER,NIGHT VISION",1.0
DOUGLAS,"IMAGE INTENSIFIER,NIGHT VISION",1.0
DOUGLAS,"IMAGE INTENSIFIER,NIGHT VISION",1.0
DOUGLAS,"IMAGE INTENSIFIER,NIGHT VISION",1.0
DOUGLAS,"IMAGE INTENSIFIER,NIGHT VISION",1.0
DOUGLAS,"IMAGE INTENSIFIER,NIGHT VISION",1.0
DOUGLAS,"IMAGE INTENSIFIER,NIGHT VISION",1.0
DOUGLAS,"IMAGE INTENSIFIER,NIGHT VISION",1.0
DOUGLAS,"IMAGE INTENSIFIER,NIGHT VISION",1.0
DOUGLAS,"IMAGE INTENSIFIER,NIGHT VISION",1.0
DOUGLAS,"IMAGE INTENSIFIER,NIGHT VISION",1.0
DOUGLAS,"IMAGE INTENSIFIER,NIGHT VISION",1.0
DOUGLAS,"IMAGE INTENSIFIER,NIGHT VISION",1.0
DOUGLAS,"IMAGE INTENSIFIER,NIGHT VISION",1.0
DOUGLAS,"IMAGE INTENSIFIER,NIGHT VISION",1.0
DOUGLAS,"IMAGE INTENSIFIER,NIGHT VISION",1.0
DOUGLAS,"IMAGE INTENSIFIER,NIGHT VISION",1.0
DOUGLAS,"IMAGE INTENSIFIER,NIGHT VISION",1.0
DOUGLAS,"IMAGE INTENSIFIER,NIGHT VISION",1.0
DOUGLAS,"IMAGE INTENSIFIER,NIGHT VISION",1.0
DOUGLAS,"IMAGE INTENSIFIER,NIGHT VISION",1.0
DOUGLAS,"IMAGE INTENSIFIER,NIGHT VISION",1.0
DOUGLAS,"IMAGE INTENSIFIER,NIGHT VISION",1.0
DOUGLAS,"IMAGE INTENSIFIER,NIGHT VISION",1.0
DOUGLAS,"IMAGE INTENSIFIER,NIGHT VISION",1.0
DOUGLAS,"IMAGE INTENSIFIER,NIGHT VISION",1.0
DOUGLAS,"IMAGE INTENSIFIER,NIGHT VISION",1.0
DOUGLAS,"IMAGE INTENSIFIER,NIGHT VISION",1.0
DOUGLAS,"IMAGE INTENSIFIER,NIGHT VISION",1.0
DOUGLAS,"IMAGE INTENSIFIER,NIGHT VISION",1.0
DOUGLAS,"IMAGE INTENSIFIER,NIGHT VISION",1.0
DOUGLAS,"IMAGE INTENSIFIER,NIGHT VISION",1.0
DOUGLAS,"IMAGE INTENSIFIER,NIGHT VISION",1.0
DOUGLAS,"IMAGE INTENSIFIER,NIGHT VISION",1.0
DOUGLAS,"IMAGE INTENSIFIER,NIGHT VISION",1.0
DOUGLAS,"IMAGE INTENSIFIER,NIGHT VISION",1.0
DOUGLAS,"IMAGE INTENSIFIER,NIGHT VISION",1.0
DOUGLAS,"IMAGE INTENSIFIER,NIGHT VISION",1.0
DOUGLAS,"IMAGE INTENSIFIER,NIGHT VISION",1.0
DOUGLAS,"IMAGE INTENSIFIER,NIGHT VISION",1.0
DOUGLAS,"IMAGE INTENSIFIER,NIGHT VISION",1.0
DOUGLAS,"IMAGE INTENSIFIER,NIGHT VISION",1.0
DOUGLAS,"IMAGE INTENSIFIER,NIGHT VISION",1.0
DOUGLAS,"IMAGE INTENSIFIER,NIGHT VISION",1.0
DOUGLAS,"IMAGE INTENSIFIER,NIGHT VISION",1.0
DOUGLAS,"IMAGE INTENSIFIER,NIGHT VISION",1.0
DOUGLAS,"IMAGE INTENSIFIER,NIGHT VISION",1.0
DOUGLAS,"IMAGE INTENSIFIER,NIGHT VISION",1.0
DOUGLAS,"IMAGE INTENSIFIER,NIGHT VISION",1.0
DOUGLAS,"IMAGE INTENSIFIER,NIGHT VISION",1.0
DOUGLAS,"IMAGE INTENSIFIER,NIGHT VISION",1.0
DOUGLAS,"IMAGE INTENSIFIER,NIGHT VISION",1.0
DOUGLAS,"IMAGE INTENSIFIER,NIGHT VISION",1.0
DOUGLAS,"IMAGE INTENSIFIER,NIGHT VISION",1.0
DOUGLAS,"IMAGE INTENSIFIER,NIGHT VISION",1.0
DOUGLAS,"IMAGE INTENSIFIER,NIGHT VISION",1.0
DOUGLAS,"IMAGE INTENSIFIER,NIGHT VISION",1.0
DOUGLAS,"IMAGE INTENSIFIER,NIGHT VISION",1.0
DOUGLAS,"IMAGE INTENSIFIER,NIGHT VISION",1.0
DOUGLAS,"IMAGE INTENSIFIER,NIGHT VISION",1.0
DOUGLAS,"IMAGE INTENSIFIER,NIGHT VISION",1.0
DOUGLAS,"IMAGE INTENSIFIER,NIGHT VISION",1.0
DOUGLAS,"IMAGE INTENSIFIER,NIGHT VISION",1.0
DOUGLAS,"IMAGE INTENSIFIER,NIGHT VISION",1.0
DOUGLAS,"IMAGE INTENSIFIER,NIGHT VISION",1.0
DOUGLAS,"IMAGE INTENSIFIER,NIGHT VISION",1.0
DOUGLAS,"IMAGE INTENSIFIER,NIGHT VISION",1.0
DOUGLAS,"IMAGE INTENSIFIER,NIGHT VISION",1.0
DOUGLAS,"IMAGE INTENSIFIER,NIGHT VISION",1.0
DOUGLAS,"IMAGE INTENSIFIER,NIGHT VISION",1.0
DOUGLAS,"IMAGE INTENSIFIER,NIGHT VISION",1.0
DOUGLAS,"IMAGE INTENSIFIER,NIGHT VISION",1.0
DOUGLAS,"IMAGE INTENSIFIER,NIGHT VISION",1.0
DOUGLAS,"GAITER,NECK",80.0
DOUGLAS,"IMAGE INTENSIFIER,NIGHT VISION",1.0
DOUGLAS,"IMAGE INTENSIFIER,NIGHT VISION",1.0
DOUGLAS,"IMAGE INTENSIFIER,NIGHT VISION",1.0
DOUGLAS,"IMAGE INTENSIFIER,NIGHT VISION",1.0
DOUGLAS,"IMAGE INTENSIFIER,NIGHT VISION",1.0
DOUGLAS,"IMAGE INTENSIFIER,NIGHT VISION",1.0
DOUGLAS,"IMAGE INTENSIFIER,NIGHT VISION",1.0
DOUGLAS,"IMAGE INTENSIFIER,NIGHT VISION",1.0
DOUGLAS,"IMAGE INTENSIFIER,NIGHT VISION",1.0
DOUGLAS,"IMAGE INTENSIFIER,NIGHT VISION",1.0
DOUGLAS,"IMAGE INTENSIFIER,NIGHT VISION",1.0
DOUGLAS,"IMAGE INTENSIFIER,NIGHT VISION",1.0
DOUGLAS,"IMAGE INTENSIFIER,NIGHT VISION",1.0
DOUGLAS,"IMAGE INTENSIFIER,NIGHT VISION",1.0
DOUGLAS,"IMAGE INTENSIFIER,NIGHT VISION",1.0
DOUGLAS,"IMAGE INTENSIFIER,NIGHT VISION",1.0
DOUGLAS,"IMAGE INTENSIFIER,NIGHT VISION",1.0
DOUGLAS,"IMAGE INTENSIFIER,NIGHT VISION",1.0
DOUGLAS,"IMAGE INTENSIFIER,NIGHT VISION",1.0
DOUGLAS,"IMAGE INTENSIFIER,NIGHT VISION",1.0
DOUGLAS,"IMAGE INTENSIFIER,NIGHT VISION",1.0
DOUGLAS,"IMAGE INTENSIFIER,NIGHT VISION",1.0
DOUGLAS,"IMAGE INTENSIFIER,NIGHT VISION",1.0
DOUGLAS,"IMAGE INTENSIFIER,NIGHT VISION",1.0
DOUGLAS,"IMAGE INTENSIFIER,NIGHT VISION",1.0
DOUGLAS,"IMAGE INTENSIFIER,NIGHT VISION",1.0
DOUGLAS,"IMAGE INTENSIFIER,NIGHT VISION",1.0
DOUGLAS,"IMAGE INTENSIFIER,NIGHT VISION",1.0
DOUGLAS,"IMAGE INTENSIFIER,NIGHT VISION",1.0
DOUGLAS,"IMAGE INTENSIFIER,NIGHT VISION",1.0
DOUGLAS,"IMAGE INTENSIFIER,NIGHT VISION",1.0
DOUGLAS,"IMAGE INTENSIFIER,NIGHT VISION",1.0
DOUGLAS,"IMAGE INTENSIFIER,NIGHT VISION",1.0
DOUGLAS,"IMAGE INTENSIFIER,NIGHT VISION",1.0
DOUGLAS,"IMAGE INTENSIFIER,NIGHT VISION",1.0
DOUGLAS,"IMAGE INTENSIFIER,NIGHT VISION",1.0
DOUGLAS,"IMAGE INTENSIFIER,NIGHT VISION",1.0
DOUGLAS,"IMAGE INTENSIFIER,NIGHT VISION",1.0
DOUGLAS,"IMAGE INTENSIFIER,NIGHT VISION",1.0
DOUGLAS,"IMAGE INTENSIFIER,NIGHT VISION",1.0
DOUGLAS,"IMAGE INTENSIFIER,NIGHT VISION",1.0
DOUGLAS,"IMAGE INTENSIFIER,NIGHT VISION",1.0
DOUGLAS,"IMAGE INTENSIFIER,NIGHT VISION",1.0
DOUGLAS,"IMAGE INTENSIFIER,NIGHT VISION",1.0
DOUGLAS,"IMAGE INTENSIFIER,NIGHT VISION",1.0
DOUGLAS,"IMAGE INTENSIFIER,NIGHT VISION",1.0
DOUGLAS,"IMAGE INTENSIFIER,NIGHT VISION",1.0
DOUGLAS,"IMAGE INTENSIFIER,NIGHT VISION",1.0
DOUGLAS,"IMAGE INTENSIFIER,NIGHT VISION",1.0
DOUGLAS,"IMAGE INTENSIFIER,NIGHT VISION",1.0
DOUGLAS,"IMAGE INTENSIFIER,NIGHT VISION",1.0
DOUGLAS,"IMAGE INTENSIFIER,NIGHT VISION",1.0
DOUGLAS,"IMAGE INTENSIFIER,NIGHT VISION",1.0
DOUGLAS,"IMAGE INTENSIFIER,NIGHT VISION",1.0
DOUGLAS,"IMAGE INTENSIFIER,NIGHT VISION",1.0
DOUGLAS,"IMAGE INTENSIFIER,NIGHT VISION",1.0
DOUGLAS,"IMAGE INTENSIFIER,NIGHT VISION",1.0
DOUGLAS,"IMAGE INTENSIFIER,NIGHT VISION",1.0
DOUGLAS,"IMAGE INTENSIFIER,NIGHT VISION",1.0
DOUGLAS,"IMAGE INTENSIFIER,NIGHT VISION",1.0
DOUGLAS,"IMAGE INTENSIFIER,NIGHT VISION",1.0
DOUGLAS,"IMAGE INTENSIFIER,NIGHT VISION",1.0
DOUGLAS,"IMAGE INTENSIFIER,NIGHT VISION",1.0
DOUGLAS,"IMAGE INTENSIFIER,NIGHT VISION",1.0
DOUGLAS,"IMAGE INTENSIFIER,NIGHT VISION",1.0
DOUGLAS,"IMAGE INTENSIFIER,NIGHT VISION",1.0
DOUGLAS,"IMAGE INTENSIFIER,NIGHT VISION",1.0
DOUGLAS,"IMAGE INTENSIFIER,NIGHT VISION",1.0
DOUGLAS,"IMAGE INTENSIFIER,NIGHT VISION",1.0
DOUGLAS,"IMAGE INTENSIFIER,NIGHT VISION",1.0
DOUGLAS,"IMAGE INTENSIFIER,NIGHT VISION",1.0
DOUGLAS,"IMAGE INTENSIFIER,NIGHT VISION",1.0
DOUGLAS,"IMAGE INTENSIFIER,NIGHT VISION",1.0
DOUGLAS,"IMAGE INTENSIFIER,NIGHT VISION",1.0
DOUGLAS,"IMAGE INTENSIFIER,NIGHT VISION",1.0
DOUGLAS,"IMAGE INTENSIFIER,NIGHT VISION",1.0
DOUGLAS,"IMAGE INTENSIFIER,NIGHT VISION",1.0
DOUGLAS,"IMAGE INTENSIFIER,NIGHT VISION",1.0
DOUGLAS,"IMAGE INTENSIFIER,NIGHT VISION",1.0
DOUGLAS,"IMAGE INTENSIFIER,NIGHT VISION",1.0
DOUGLAS,"IMAGE INTENSIFIER,NIGHT VISION",1.0
DOUGLAS,"IMAGE INTENSIFIER,NIGHT VISION",1.0
DOUGLAS,"IMAGE INTENSIFIER,NIGHT VISION",1.0
DOUGLAS,"IMAGE INTENSIFIER,NIGHT VISION",1.0
DOUGLAS,"IMAGE INTENSIFIER,NIGHT VISION",1.0
DOUGLAS,"IMAGE INTENSIFIER,NIGHT VISION",1.0
DOUGLAS,"IMAGE INTENSIFIER,NIGHT VISION",1.0
DOUGLAS,"IMAGE INTENSIFIER,NIGHT VISION",1.0
DOUGLAS,"IMAGE INTENSIFIER,NIGHT VISION",1.0
DOUGLAS,"IMAGE INTENSIFIER,NIGHT VISION",1.0
DOUGLAS,"IMAGE INTENSIFIER,NIGHT VISION",1.0
DOUGLAS,"IMAGE INTENSIFIER,NIGHT VISION",1.0
DOUGLAS,"IMAGE INTENSIFIER,NIGHT VISION",1.0
DOUGLAS,"IMAGE INTENSIFIER,NIGHT VISION",1.0
DOUGLAS,"IMAGE INTENSIFIER,NIGHT VISION",1.0
DOUGLAS,"IMAGE INTENSIFIER,NIGHT VISION",1.0
DOUGLAS,"IMAGE INTENSIFIER,NIGHT VISION",1.0
DOUGLAS,"IMAGE INTENSIFIER,NIGHT VISION",1.0
DOUGLAS,"IMAGE INTENSIFIER,NIGHT VISION",1.0
DOUGLAS,"IMAGE INTENSIFIER,NIGHT VISION",1.0
DOUGLAS,"IMAGE INTENSIFIER,NIGHT VISION",1.0
DOUGLAS,"IMAGE INTENSIFIER,NIGHT VISION",1.0
DOUGLAS,"IMAGE INTENSIFIER,NIGHT VISION",1.0
DOUGLAS,"IMAGE INTENSIFIER,NIGHT VISION",1.0
DOUGLAS,"IMAGE INTENSIFIER,NIGHT VISION",1.0
DOUGLAS,"IMAGE INTENSIFIER,NIGHT VISION",1.0
DOUGLAS,"IMAGE INTENSIFIER,NIGHT VISION",1.0
DOUGLAS,"IMAGE INTENSIFIER,NIGHT VISION",1.0
DOUGLAS,"IMAGE INTENSIFIER,NIGHT VISION",1.0
DOUGLAS,"IMAGE INTENSIFIER,NIGHT VISION",1.0
DOUGLAS,"IMAGE INTENSIFIER,NIGHT VISION",1.0
DOUGLAS,"IMAGE INTENSIFIER,NIGHT VISION",1.0
DOUGLAS,"IMAGE INTENSIFIER,NIGHT VISION",1.0
DOUGLAS,"IMAGE INTENSIFIER,NIGHT VISION",1.0
DOUGLAS,"IMAGE INTENSIFIER,NIGHT VISION",1.0
DOUGLAS,"IMAGE INTENSIFIER,NIGHT VISION",1.0
DOUGLAS,"IMAGE INTENSIFIER,NIGHT VISION",1.0
DOUGLAS,"IMAGE INTENSIFIER,NIGHT VISION",1.0
DOUGLAS,"IMAGE INTENSIFIER,NIGHT VISION",1.0
DOUGLAS,"IMAGE INTENSIFIER,NIGHT VISION",1.0
DOUGLAS,"IMAGE INTENSIFIER,NIGHT VISION",1.0
DOUGLAS,"IMAGE INTENSIFIER,NIGHT VISION",1.0
DOUGLAS,"IMAGE INTENSIFIER,NIGHT VISION",1.0
DOUGLAS,"IMAGE INTENSIFIER,NIGHT VISION",1.0
DOUGLAS,"IMAGE INTENSIFIER,NIGHT VISION",1.0
DOUGLAS,"IMAGE INTENSIFIER,NIGHT VISION",1.0
DOUGLAS,"IMAGE INTENSIFIER,NIGHT VISION",1.0
DOUGLAS,"IMAGE INTENSIFIER,NIGHT VISION",1.0
DOUGLAS,"IMAGE INTENSIFIER,NIGHT VISION",1.0
DOUGLAS,"IMAGE INTENSIFIER,NIGHT VISION",1.0
DOUGLAS,"IMAGE INTENSIFIER,NIGHT VISION",1.0
DOUGLAS,"IMAGE INTENSIFIER,NIGHT VISION",1.0
DOUGLAS,"IMAGE INTENSIFIER,NIGHT VISION",1.0
DOUGLAS,"IMAGE INTENSIFIER,NIGHT VISION",1.0
DOUGLAS,"IMAGE INTENSIFIER,NIGHT VISION",1.0
DOUGLAS,"IMAGE INTENSIFIER,NIGHT VISION",1.0
DOUGLAS,"IMAGE INTENSIFIER,NIGHT VISION",1.0
DOUGLAS,"IMAGE INTENSIFIER,NIGHT VISION",1.0
DOUGLAS,"IMAGE INTENSIFIER,NIGHT VISION",1.0
DOUGLAS,"IMAGE INTENSIFIER,NIGHT VISION",1.0
DOUGLAS,"IMAGE INTENSIFIER,NIGHT VISION",1.0
DOUGLAS,"IMAGE INTENSIFIER,NIGHT VISION",1.0
DOUGLAS,"IMAGE INTENSIFIER,NIGHT VISION",1.0
DOUGLAS,"IMAGE INTENSIFIER,NIGHT VISION",1.0
DOUGLAS,"IMAGE INTENSIFIER,NIGHT VISION",1.0
DOUGLAS,"IMAGE INTENSIFIER,NIGHT VISION",1.0
DOUGLAS,"IMAGE INTENSIFIER,NIGHT VISION",1.0
DOUGLAS,"IMAGE INTENSIFIER,NIGHT VISION",1.0
DOUGLAS,"IMAGE INTENSIFIER,NIGHT VISION",1.0
DOUGLAS,"IMAGE INTENSIFIER,NIGHT VISION",1.0
DOUGLAS,"IMAGE INTENSIFIER,NIGHT VISION",1.0
DOUGLAS,"IMAGE INTENSIFIER,NIGHT VISION",1.0
DOUGLAS,"IMAGE INTENSIFIER,NIGHT VISION",1.0
DOUGLAS,"IMAGE INTENSIFIER,NIGHT VISION",1.0
DOUGLAS,"IMAGE INTENSIFIER,NIGHT VISION",1.0
DOUGLAS,"IMAGE INTENSIFIER,NIGHT VISION",1.0
DOUGLAS,"IMAGE INTENSIFIER,NIGHT VISION",1.0
DOUGLAS,"IMAGE INTENSIFIER,NIGHT VISION",1.0
DOUGLAS,"IMAGE INTENSIFIER,NIGHT VISION",1.0
DOUGLAS,"IMAGE INTENSIFIER,NIGHT VISION",1.0
DOUGLAS,"IMAGE INTENSIFIER,NIGHT VISION",1.0
DOUGLAS,"IMAGE INTENSIFIER,NIGHT VISION",1.0
DOUGLAS,"IMAGE INTENSIFIER,NIGHT VISION",1.0
DOUGLAS,"IMAGE INTENSIFIER,NIGHT VISION",1.0
DOUGLAS,"IMAGE INTENSIFIER,NIGHT VISION",1.0
DOUGLAS,"IMAGE INTENSIFIER,NIGHT VISION",1.0
DOUGLAS,"IMAGE INTENSIFIER,NIGHT VISION",1.0
DOUGLAS,"IMAGE INTENSIFIER,NIGHT VISION",1.0
DOUGLAS,"IMAGE INTENSIFIER,NIGHT VISION",1.0
DOUGLAS,"IMAGE INTENSIFIER,NIGHT VISION",1.0
DOUGLAS,"IMAGE INTENSIFIER,NIGHT VISION",1.0
DOUGLAS,"IMAGE INTENSIFIER,NIGHT VISION",1.0
DOUGLAS,"IMAGE INTENSIFIER,NIGHT VISION",1.0
DOUGLAS,"GENERATOR SET,DIESE",1.0
DOUGLAS,FIBERSCOPE,1.0
DOUGLAS,PROJECTION SCREEN,1.0
DOUGLAS,INSECT NET PROTECTO,50.0
DOUGLAS,INSECT NET PROTECTO,4.0
DOUGLAS,"SHELTER HALF,TENT",12.0
DOUGLAS,"LINER,WET WEATHER P",47.0
DOUGLAS,"BAG,FLYER'S HELMET",9.0
DOUGLAS,"GLOVES,FLYERS'",17.0
DOUGLAS,"COVERALLS,COMBAT VE",6.0
DOUGLAS,"JACKET,COLD WEATHER",2.0
DOUGLAS,"JACKET,COLD WEATHER",3.0
DOUGLAS,"VEST,TACTICAL LOAD",25.0
DOUGLAS,"UNDERSHIRT,COLD WEA",100.0
DOUGLAS,"UNDERSHIRT,COLD WEA",65.0
DOUGLAS,"SHIRT,COLD WEATHER",20.0
DOUGLAS,"SHIRT,COLD WEATHER",8.0
DOUGLAS,"SHIRT,COLD WEATHER",56.0
DOUGLAS,"OVERALLS,COLD WEATH",15.0
DOUGLAS,"SHIRT,COLD WEATHER",50.0
DOUGLAS,"SHIRT,COLD WEATHER",49.0
DOUGLAS,"ELBOW,PAD",25.0
DOUGLAS,"ELBOW,PADS",10.0
DOUGLAS,"GLOVES,MEN'S AND WO",6.0
DOUGLAS,PULLOVER FLEECE  POLARTEC  CO,17.0
DOUGLAS,,10.0
DOUGLAS,"CASE,SMALL ARMS AMM",25.0
DOUGLAS,BAG DUFFEL,40.0
DOUGLAS,"BAG,CLOTHING",50.0
DOUGLAS,FIELD PACK,40.0
DOUGLAS,"MAT,SLEEPING",2.0
DOUGLAS,"CANTEEN,WATER",30.0
DOUGLAS,"MAT,SLEEPING,SELF-I",8.0
DOUGLAS,SLEEPING BAG,25.0
DOUGLAS,SLEEPING BAG,10.0
DOUGLAS,SLEEPING BAG,25.0
DOUGLAS,SLEEPING BAG,10.0
DOUGLAS,BIVY COVER,25.0
DOUGLAS,FIELD PACK,16.0
DOUGLAS,FIELD PACK,13.0
DOUGLAS,FIELD PACK,34.0
DOUGLAS,FIELD PACK,49.0
DOUGLAS,"POUCH,RADIO",100.0
DOUGLAS,LID,200.0
DOUGLAS,MEDIC BAG,8.0
DOUGLAS,EXTERNAL MEDICAL MO,25.0
DOUGLAS,RIFLEMAN SET,50.0
FILLMORE,"RIFLE,5.56 MILLIMETER",1.0
FILLMORE,"RIFLE,5.56 MILLIMETER",1.0
FILLMORE,"RIFLE,5.56 MILLIMETER",1.0
FILLMORE,"RIFLE,5.56 MILLIMETER",1.0
FILLMORE,"RIFLE,5.56 MILLIMETER",1.0
FILLMORE,"RIFLE,5.56 MILLIMETER",1.0
FILLMORE,"RIFLE,5.56 MILLIMETER",1.0
GAGE,"RIFLE,7.62 MILLIMETER",1.0
GAGE,"RIFLE,7.62 MILLIMETER",1.0
GAGE,"RIFLE,7.62 MILLIMETER",1.0
GAGE,"RIFLE,7.62 MILLIMETER",1.0
GREELEY,"RIFLE,7.62 MILLIMETER",1.0
GREELEY,"RIFLE,7.62 MILLIMETER",1.0
GREELEY,"RIFLE,7.62 MILLIMETER",1.0
HALL,"RIFLE,5.56 MILLIMETER",1.0
HALL,"RIFLE,5.56 MILLIMETER",1.0
HALL,"RIFLE,5.56 MILLIMETER",1.0
HALL,"RIFLE,5.56 MILLIMETER",1.0
HALL,"RIFLE,7.62 MILLIMETER",1.0
HALL,"RIFLE,7.62 MILLIMETER",1.0
HALL,"RIFLE,7.62 MILLIMETER",1.0
HALL,"RIFLE,7.62 MILLIMETER",1.0
HALL,"RIFLE,7.62 MILLIMETER",1.0
HALL,"RIFLE,7.62 MILLIMETER",1.0
HALL,"RIFLE,7.62 MILLIMETER",1.0
HALL,"MAGAZINE,CARTRIDGE",50.0
HALL,"LAUNCHER,GRENADE",1.0
HALL,"CAMOUFLAGE SCREENING SYSTEM,SNOW LIGHT WEIGHT RADAR SCATTERING",2.0
HALL,CAMOUFLAGE SCREENING SYSTEM,4.0
HALL,BINOCULAR,2.0
HALL,"LINER,COLD WEATHER",10.0
HALL,"LINER,COLD WEATHER",17.0
HALL,"HOOD,COLD WEATHER",25.0
HALL,"SHIRT,COLD WEATHER",16.0
HALL,"OVERALLS,COLD WEATH",5.0
HALL,"GOGGLES,SUN,WIND AN",30.0
HALL,"MAT,SLEEPING,SELF-I",8.0
HOLT,"RIFLE,5.56 MILLIMETER",1.0
HOLT,"RIFLE,7.62 MILLIMETER",1.0
HOLT,"RIFLE,7.62 MILLIMETER",1.0
HOLT,"RIFLE,7.62 MILLIMETER",1.0
HOLT,"RIFLE,7.62 MILLIMETER",1.0
HOLT,"RIFLE,7.62 MILLIMETER",1.0
HOLT,"RIFLE,7.62 MILLIMETER",1.0
HOLT,"PISTOL,CALIBER .45,AUTOMATIC",1.0
HOWARD,"RIFLE,5.56 MILLIMETER",1.0
HOWARD,"RIFLE,5.56 MILLIMETER",1.0
JEFFERSON,"RIFLE,5.56 MILLIMETER",1.0
JEFFERSON,"RIFLE,5.56 MILLIMETER",1.0
JEFFERSON,"RIFLE,7.62 MILLIMETER",1.0
JEFFERSON,"RIFLE,7.62 MILLIMETER",1.0
KEITH,"RIFLE,5.56 MILLIMETER",1.0
KEITH,"RIFLE,5.56 MILLIMETER",1.0
KEITH,"RIFLE,7.62 MILLIMETER",1.0
KEITH,"RIFLE,5.56 MILLIMETER",1.0
KEITH,"RIFLE,5.56 MILLIMETER",1.0
KIMBALL,"BARREL,CARBINE",1.0
KIMBALL,"BARREL,CARBINE",1.0
KIMBALL,"TRUCK,UTILITY",1.0
KIMBALL,,1.0
KIMBALL,,1.0
LANCASTER,"RIFLE,5.56 MILLIMETER",1.0
LANCASTER,"RIFLE,5.56 MILLIMETER",1.0
LANCASTER,"RIFLE,5.56 MILLIMETER",1.0
LANCASTER,"RIFLE,5.56 MILLIMETER",1.0
LANCASTER,"RIFLE,5.56 MILLIMETER",1.0
LANCASTER,"RIFLE,5.56 MILLIMETER",1.0
LANCASTER,"RIFLE,5.56 MILLIMETER",1.0
LANCASTER,"RIFLE,5.56 MILLIMETER",1.0
LANCASTER,"RIFLE,5.56 MILLIMETER",1.0
LANCASTER,"RIFLE,5.56 MILLIMETER",1.0
LANCASTER,LIGHT ARMORED VEHICLE,1.0
LANCASTER,LIGHT ARMORED VEHICLE,1.0
LANCASTER,LIGHT ARMORED VEHICLE,1.0
LANCASTER,MINE RESISTANT VEHICLE,1.0
LANCASTER,"IMAGE INTENSIFIER,NIGHT VISION",1.0
LANCASTER,"IMAGE INTENSIFIER,NIGHT VISION",1.0
LANCASTER,"IMAGE INTENSIFIER,NIGHT VISION",1.0
LANCASTER,"IMAGE INTENSIFIER,NIGHT VISION",1.0
MADISON,"RIFLE,5.56 MILLIMETER",1.0
MADISON,"RIFLE,5.56 MILLIMETER",1.0
MADISON,"RIFLE,5.56 MILLIMETER",1.0
MADISON,"RIFLE,5.56 MILLIMETER",1.0
MADISON,"RIFLE,5.56 MILLIMETER",1.0
MADISON,"RIFLE,5.56 MILLIMETER",1.0
MADISON,"RIFLE,5.56 MILLIMETER",1.0
MADISON,"RIFLE,5.56 MILLIMETER",1.0
MADISON,"RIFLE,7.62 MILLIMETER",1.0
MADISON,"RIFLE,7.62 MILLIMETER",1.0
MADISON,"LAUNCHER,GRENADE",1.0
MCPHERSON,"RIFLE,5.56 MILLIMETER",1.0
NANCE,"RIFLE,5.56 MILLIMETER",1.0
NANCE,"RIFLE,7.62 MILLIMETER",1.0
NANCE,"RIFLE,7.62 MILLIMETER",1.0
NANCE,"RIFLE,5.56 MILLIMETER",1.0
NEMAHA,"RIFLE,5.56 MILLIMETER",1.0
NEMAHA,"RIFLE,5.56 MILLIMETER",1.0
NEMAHA,"RIFLE,7.62 MILLIMETER",1.0
NUCKOLLS,"RIFLE,5.56 MILLIMETER",1.0
NUCKOLLS,"RIFLE,5.56 MILLIMETER",1.0
POLK,"RIFLE,5.56 MILLIMETER",1.0
POLK,"RIFLE,5.56 MILLIMETER",1.0
POLK,"RIFLE,7.62 MILLIMETER",1.0
POLK,"RIFLE,7.62 MILLIMETER",1.0
POLK,"RIFLE,7.62 MILLIMETER",1.0
POLK,"RIFLE,7.62 MILLIMETER",1.0
RED WILLOW,"RIFLE,7.62 MILLIMETER",1.0
RED WILLOW,"RIFLE,7.62 MILLIMETER",1.0
RED WILLOW,"RIFLE,7.62 MILLIMETER",1.0
RED WILLOW,"RIFLE,7.62 MILLIMETER",1.0
SARPY,"RIFLE,5.56 MILLIMETER",1.0
SARPY,"RIFLE,5.56 MILLIMETER",1.0
SARPY,"RIFLE,5.56 MILLIMETER",1.0
SARPY,"RIFLE,5.56 MILLIMETER",1.0
SARPY,"RIFLE,5.56 MILLIMETER",1.0
SARPY,"RIFLE,5.56 MILLIMETER",1.0
SARPY,"TRUCK,UTILITY",1.0
SAUNDERS,"RIFLE,5.56 MILLIMETER",1.0
THURSTON,"RIFLE,5.56 MILLIMETER",1.0
THURSTON,"RIFLE,5.56 MILLIMETER",1.0
THURSTON,"RIFLE,5.56 MILLIMETER",1.0
THURSTON,"RIFLE,5.56 MILLIMETER",1.0
WHEELER,"RIFLE,5.56 MILLIMETER",1.0
YORK,"RIFLE,5.56 MILLIMETER",1.0
YORK,"RIFLE,5.56 MILLIMETER",1.0
YORK,"RIFLE,5.56 MILLIMETER",1.0
YORK,"RIFLE,5.56 MILLIMETER",1.0
YORK,"RIFLE,5.56 MILLIMETER",1.0
