doi,supporting,mentioning,contrasting,total
"10.48550/arXiv.1706.03762",245,89,12,346
"10.18653/v1/n19-1423",189,67,8,264
"10.1109/cvpr.2016.90",312,45,3,360
"10.1145/3422622",156,78,34,268
"10.48550/arXiv.2005.14165",198,112,15,325
"10.48550/arXiv.2201.11903",134,56,9,199
"10.48550/arXiv.2307.09288",87,23,4,114
"10.48550/arXiv.2005.11401",112,34,2,148
"10.48550/arXiv.2303.18223",76,45,1,122
"10.48550/arXiv.2101.00027",98,12,0,110
"10.1145/3442188.3445922",67,89,45,201
"10.48550/arXiv.2010.11929",145,34,5,184
"10.48550/arXiv.2203.02155",167,78,11,256
